{
  "version": "1.0.0",
  "configurations": {
    "database": {
      "type": "sqlite",
      "database": "./n8n.sqlite"
    },
    "server": {
      "host": "0.0.0.0",
      "port": 5000,
      "protocol": "http"
    },
    "security": {
      "basicAuth": false,
      "jwtSecret": "n8n-default-secret"
    },
    "webhooks": {
      "baseUrl": "http://localhost:5000"
    },
    "logging": {
      "level": "info",
      "output": "console"
    },
    "executions": {
      "saveDataOnError": "all",
      "saveDataOnSuccess": "all",
      "saveManualExecutions": true
    }
  },
  "defaultNodes": [
    "n8n-nodes-base.httpRequest",
    "n8n-nodes-base.webhook",
    "n8n-nodes-base.cron",
    "n8n-nodes-base.function",
    "n8n-nodes-base.set",
    "n8n-nodes-base.if",
    "n8n-nodes-base.switch",
    "n8n-nodes-base.merge",
    "n8n-nodes-base.jsonParser",
    "n8n-nodes-base.dateTime"
  ]
}
