{
  "name": "Example Webhook Workflow",
  "nodes": [
    {
      "parameters": {
        "httpMethod": "POST",
        "path": "webhook-example",
        "responseMode": "responseNode"
      },
      "name": "Webhook",
      "type": "n8n-nodes-base.webhook",
      "typeVersion": 1,
      "position": [
        240,
        300
      ],
      "webhookId": "webhook-example-id"
    },
    {
      "parameters": {
        "functionCode": "// Process the incoming webhook data\nconst incomingData = items[0].json;\n\n// Log the received data\nconsole.log('Received webhook data:', incomingData);\n\n// Transform the data\nconst processedData = {\n  timestamp: new Date().toISOString(),\n  source: 'webhook',\n  originalData: incomingData,\n  processed: true,\n  message: 'Webhook data processed successfully'\n};\n\nreturn [{\n  json: processedData\n}];"
      },
      "name": "Process Data",
      "type": "n8n-nodes-base.function",
      "typeVersion": 1,
      "position": [
        460,
        300
      ]
    },
    {
      "parameters": {
        "respondWith": "json",
        "responseBody": "={{ $json }}"
      },
      "name": "Respond to Webhook",
      "type": "n8n-nodes-base.respondToWebhook",
      "typeVersion": 1,
      "position": [
        680,
        300
      ]
    }
  ],
  "connections": {
    "Webhook": {
      "main": [
        [
          {
            "node": "Process Data",
            "type": "main",
            "index": 0
          }
        ]
      ]
    },
    "Process Data": {
      "main": [
        [
          {
            "node": "Respond to Webhook",
            "type": "main",
            "index": 0
          }
        ]
      ]
    }
  },
  "active": false,
  "settings": {},
  "versionId": "1"
}
