{
  "name": "Example Scheduled Workflow",
  "nodes": [
    {
      "parameters": {
        "rule": {
          "interval": [
            {
              "field": "minutes",
              "value": 5
            }
          ]
        }
      },
      "name": "Every 5 minutes",
      "type": "n8n-nodes-base.cron",
      "typeVersion": 1,
      "position": [
        240,
        300
      ]
    },
    {
      "parameters": {
        "functionCode": "// Generate some example data every 5 minutes\nconst currentTime = new Date();\nconst data = {\n  timestamp: currentTime.toISOString(),\n  message: 'Scheduled task executed',\n  execution_count: Math.floor(Math.random() * 1000),\n  status: 'success',\n  next_execution: new Date(currentTime.getTime() + 5 * 60 * 1000).toISOString()\n};\n\nconsole.log('Scheduled workflow executed at:', data.timestamp);\n\nreturn [{\n  json: data\n}];"
      },
      "name": "Generate Report",
      "type": "n8n-nodes-base.function",
      "typeVersion": 1,
      "position": [
        460,
        300
      ]
    },
    {
      "parameters": {
        "conditions": {
          "string": [
            {
              "value1": "={{ $json.status }}",
              "value2": "success"
            }
          ]
        }
      },
      "name": "Check Status",
      "type": "n8n-nodes-base.if",
      "typeVersion": 1,
      "position": [
        680,
        300
      ]
    },
    {
      "parameters": {
        "functionCode": "// Log successful execution\nconst data = items[0].json;\nconsole.log('✓ Scheduled workflow completed successfully');\nconsole.log('Execution details:', data);\n\nreturn [{\n  json: {\n    ...data,\n    logged: true,\n    log_message: 'Execution logged successfully'\n  }\n}];"
      },
      "name": "Log Success",
      "type": "n8n-nodes-base.function",
      "typeVersion": 1,
      "position": [
        900,
        240
      ]
    },
    {
      "parameters": {
        "functionCode": "// Handle failed execution\nconst data = items[0].json;\nconsole.error('✗ Scheduled workflow failed');\nconsole.error('Error details:', data);\n\nreturn [{\n  json: {\n    ...data,\n    error_logged: true,\n    error_message: 'Execution failed and logged'\n  }\n}];"
      },
      "name": "Log Error",
      "type": "n8n-nodes-base.function",
      "typeVersion": 1,
      "position": [
        900,
        360
      ]
    }
  ],
  "connections": {
    "Every 5 minutes": {
      "main": [
        [
          {
            "node": "Generate Report",
            "type": "main",
            "index": 0
          }
        ]
      ]
    },
    "Generate Report": {
      "main": [
        [
          {
            "node": "Check Status",
            "type": "main",
            "index": 0
          }
        ]
      ]
    },
    "Check Status": {
      "main": [
        [
          {
            "node": "Log Success",
            "type": "main",
            "index": 0
          }
        ],
        [
          {
            "node": "Log Error",
            "type": "main",
            "index": 0
          }
        ]
      ]
    }
  },
  "active": false,
  "settings": {},
  "versionId": "1"
}
